,A,C,D,E,F,G,H,I,K,L,M,N,P,Q,R,S,T,V,W,Y,
Insertion-1,-2.4937455984552046,-4.290359446148058,-2.9077213962312776,-2.6971102610638757,-3.254503002511352,-2.647896278282463,-3.78539035449478,-2.823461052613538,-2.8421531856256905,-2.3371765377636646,-3.725543438485528,-3.20398721237445,-3.055482277959765,-3.2365307601069215,-2.8949823704538478,-2.7211354406508654,-2.929944533015988,-2.6780060797538336,-4.518992489747039,-3.533586569707901,
Main-0,-2.865309154887688,-4.661923002580541,-3.279284952663761,-3.0686738174963586,-3.626066558943835,-3.019459834714946,-4.156953910927263,-3.195024609046021,-3.2137167420581734,-2.708740094196148,-1.1179005655065475,-3.575550768806933,-3.427045834392248,-3.6080943165394044,-3.266545926886331,-3.0926989970833487,-3.301508089448471,-3.0495696361863165,-4.8905560461795226,-3.9051501261403843,
Insertion-1,-2.4937455984552046,-4.290359446148058,-2.9077213962312776,-2.6971102610638757,-3.254503002511352,-2.647896278282463,-3.78539035449478,-2.823461052613538,-2.8421531856256905,-2.3371765377636646,-3.725543438485528,-3.20398721237445,-3.055482277959765,-3.2365307601069215,-2.8949823704538478,-2.7211354406508654,-2.929944533015988,-2.6780060797538336,-4.518992489747039,-3.533586569707901,
Main-1,-2.865309154887688,-4.661923002580541,-3.279284952663761,-3.0686738174963586,-3.626066558943835,-3.019459834714946,-4.156953910927263,-3.195024609046021,-3.2137167420581734,-2.708740094196148,-4.09710699491801,-3.575550768806933,-3.427045834392248,-3.6080943165394044,-1.0541665231167572,-3.0926989970833487,-3.301508089448471,-3.0495696361863165,-4.8905560461795226,-3.9051501261403843,
Insertion-2,-2.4937455984552046,-4.290359446148058,-2.9077213962312776,-2.6971102610638757,-3.254503002511352,-2.647896278282463,-3.78539035449478,-2.823461052613538,-2.8421531856256905,-2.3371765377636646,-3.725543438485528,-3.20398721237445,-3.055482277959765,-3.2365307601069215,-2.8949823704538478,-2.7211354406508654,-2.929944533015988,-2.6780060797538336,-4.518992489747039,-3.533586569707901,
Main-2,-1.829998595330056,-4.661923002580541,-3.279284952663761,-3.0686738174963586,-3.626066558943835,-3.019459834714946,-4.156953910927263,-3.195024609046021,-3.2137167420581734,-2.708740094196148,-4.09710699491801,-3.575550768806933,-3.427045834392248,-3.6080943165394044,-3.266545926886331,-2.5274542702757254,-1.5642667685001883,-3.0495696361863165,-4.8905560461795226,-3.9051501261403843,
Insertion-3,-2.4937455984552046,-4.290359446148058,-2.9077213962312776,-2.6971102610638757,-3.254503002511352,-2.647896278282463,-3.78539035449478,-2.823461052613538,-2.8421531856256905,-2.3371765377636646,-3.725543438485528,-3.20398721237445,-3.055482277959765,-3.2365307601069215,-2.8949823704538478,-2.7211354406508654,-2.929944533015988,-2.6780060797538336,-4.518992489747039,-3.533586569707901,
Main-3,-2.865309154887688,-4.661923002580541,-3.279284952663761,-3.0686738174963586,-3.626066558943835,-3.019459834714946,-4.156953910927263,-2.5843079454267395,-3.2137167420581734,-1.1776554960085626,-4.09710699491801,-3.575550768806933,-2.703577460117341,-3.6080943165394044,-3.266545926886331,-3.0926989970833487,-3.301508089448471,-3.0495696361863165,-4.8905560461795226,-3.9051501261403843,
Insertion-4,-2.4937455984552046,-4.290359446148058,-2.9077213962312776,-2.6971102610638757,-3.254503002511352,-2.647896278282463,-3.78539035449478,-2.823461052613538,-2.8421531856256905,-2.3371765377636646,-3.725543438485528,-3.20398721237445,-3.055482277959765,-3.2365307601069215,-2.8949823704538478,-2.7211354406508654,-2.929944533015988,-2.6780060797538336,-4.518992489747039,-3.533586569707901,
Main-4,-2.865309154887688,-4.661923002580541,-3.279284952663761,-3.0686738174963586,-2.795186977803585,-3.019459834714946,-4.156953910927263,-3.195024609046021,-3.2137167420581734,-2.708740094196148,-2.4582311432040584,-3.575550768806933,-3.427045834392248,-3.6080943165394044,-3.266545926886331,-1.9049667825905858,-1.9641443518001607,-3.0495696361863165,-4.8905560461795226,-3.9051501261403843,
Insertion-5,-2.4937455984552046,-4.290359446148058,-2.9077213962312776,-2.6971102610638757,-3.254503002511352,-2.647896278282463,-3.78539035449478,-2.823461052613538,-2.8421531856256905,-2.3371765377636646,-3.725543438485528,-3.20398721237445,-3.055482277959765,-3.2365307601069215,-2.8949823704538478,-2.7211354406508654,-2.929944533015988,-2.6780060797538336,-4.518992489747039,-3.533586569707901,
Main-5,-2.865309154887688,-4.661923002580541,-3.279284952663761,-3.0686738174963586,-3.626066558943835,-3.019459834714946,-4.156953910927263,-3.195024609046021,-3.2137167420581734,-1.0715339623405538,-4.09710699491801,-3.575550768806933,-3.427045834392248,-3.6080943165394044,-3.266545926886331,-3.0926989970833487,-3.301508089448471,-2.502719533798998,-4.8905560461795226,-3.9051501261403843,
Insertion-6,-2.4937455984552046,-4.290359446148058,-2.9077213962312776,-2.6971102610638757,-3.254503002511352,-2.647896278282463,-3.78539035449478,-2.823461052613538,-2.8421531856256905,-2.3371765377636646,-3.725543438485528,-3.20398721237445,-3.055482277959765,-3.2365307601069215,-2.8949823704538478,-2.7211354406508654,-2.929944533015988,-2.6780060797538336,-4.518992489747039,-3.533586569707901,
Main-6,-2.865309154887688,-4.661923002580541,-3.279284952663761,-3.0686738174963586,-3.626066558943835,-3.019459834714946,-4.156953910927263,-3.195024609046021,-3.2137167420581734,-0.9756015619206524,-4.09710699491801,-3.575550768806933,-3.427045834392248,-3.6080943165394044,-3.266545926886331,-3.0926989970833487,-3.301508089448471,-3.0495696361863165,-4.8905560461795226,-3.9051501261403843,
Insertion-7,-2.4937455984552046,-4.290359446148058,-2.9077213962312776,-2.6971102610638757,-3.254503002511352,-2.647896278282463,-3.78539035449478,-2.823461052613538,-2.8421531856256905,-2.3371765377636646,-3.725543438485528,-3.20398721237445,-3.055482277959765,-3.2365307601069215,-2.8949823704538478,-2.7211354406508654,-2.929944533015988,-2.6780060797538336,-4.518992489747039,-3.533586569707901,
Main-7,-1.4723782686557927,-4.661923002580541,-3.279284952663761,-3.0686738174963586,-3.626066558943835,-3.019459834714946,-4.156953910927263,-3.195024609046021,-3.2137167420581734,-2.708740094196148,-4.09710699491801,-3.575550768806933,-3.427045834392248,-3.6080943165394044,-3.266545926886331,-3.0926989970833487,-1.7443495675275815,-3.0495696361863165,-4.8905560461795226,-3.9051501261403843,
Insertion-8,-2.4937455984552046,-4.290359446148058,-2.9077213962312776,-2.6971102610638757,-3.254503002511352,-2.647896278282463,-3.78539035449478,-2.823461052613538,-2.8421531856256905,-2.3371765377636646,-3.725543438485528,-3.20398721237445,-3.055482277959765,-3.2365307601069215,-2.8949823704538478,-2.7211354406508654,-2.929944533015988,-2.6780060797538336,-4.518992489747039,-3.533586569707901,
Main-8,-2.865309154887688,-4.661923002580541,-3.279284952663761,-3.0686738174963586,-3.626066558943835,-3.019459834714946,-4.156953910927263,-3.195024609046021,-3.2137167420581734,-0.9756015619206524,-4.09710699491801,-3.575550768806933,-3.427045834392248,-3.6080943165394044,-3.266545926886331,-3.0926989970833487,-3.301508089448471,-3.0495696361863165,-4.8905560461795226,-3.9051501261403843,
Insertion-9,-2.4937455984552046,-4.290359446148058,-2.9077213962312776,-2.6971102610638757,-3.254503002511352,-2.647896278282463,-3.78539035449478,-2.823461052613538,-2.8421531856256905,-2.3371765377636646,-3.725543438485528,-3.20398721237445,-3.055482277959765,-3.2365307601069215,-2.8949823704538478,-2.7211354406508654,-2.929944533015988,-2.6780060797538336,-4.518992489747039,-3.533586569707901,
Main-9,-2.865309154887688,-4.661923002580541,-3.279284952663761,-3.0686738174963586,-3.626066558943835,-3.019459834714946,-4.156953910927263,-3.195024609046021,-3.2137167420581734,-0.9756015619206524,-4.09710699491801,-3.575550768806933,-3.427045834392248,-3.6080943165394044,-3.266545926886331,-3.0926989970833487,-3.301508089448471,-3.0495696361863165,-4.8905560461795226,-3.9051501261403843,
Insertion-10,-2.4937455984552046,-4.290359446148058,-2.9077213962312776,-2.6971102610638757,-3.254503002511352,-2.647896278282463,-3.78539035449478,-2.823461052613538,-2.8421531856256905,-2.3371765377636646,-3.725543438485528,-3.20398721237445,-3.055482277959765,-3.2365307601069215,-2.8949823704538478,-2.7211354406508654,-2.929944533015988,-2.6780060797538336,-4.518992489747039,-3.533586569707901,
Main-10,-1.100130682223689,-4.661923002580541,-3.279284952663761,-3.0686738174963586,-3.626066558943835,-3.019459834714946,-4.156953910927263,-3.195024609046021,-3.2137167420581734,-2.708740094196148,-4.09710699491801,-3.575550768806933,-3.427045834392248,-3.6080943165394044,-3.266545926886331,-3.0926989970833487,-2.6407138733402915,-3.0495696361863165,-4.8905560461795226,-3.9051501261403843,
Insertion-11,-2.4937455984552046,-4.290359446148058,-2.9077213962312776,-2.6971102610638757,-3.254503002511352,-2.647896278282463,-3.78539035449478,-2.823461052613538,-2.8421531856256905,-2.3371765377636646,-3.725543438485528,-3.20398721237445,-3.055482277959765,-3.2365307601069215,-2.8949823704538478,-2.7211354406508654,-2.929944533015988,-2.6780060797538336,-4.518992489747039,-3.533586569707901,
Main-11,-2.865309154887688,-4.661923002580541,-3.279284952663761,-3.0686738174963586,-3.626066558943835,-3.019459834714946,-4.156953910927263,-3.195024609046021,-3.2137167420581734,-1.0715339623405538,-4.09710699491801,-3.575550768806933,-3.427045834392248,-3.6080943165394044,-3.266545926886331,-3.0926989970833487,-3.301508089448471,-2.502719533798998,-4.8905560461795226,-3.9051501261403843,
Insertion-12,-2.4937455984552046,-4.290359446148058,-2.9077213962312776,-2.6971102610638757,-3.254503002511352,-2.647896278282463,-3.78539035449478,-2.823461052613538,-2.8421531856256905,-2.3371765377636646,-3.725543438485528,-3.20398721237445,-3.055482277959765,-3.2365307601069215,-2.8949823704538478,-2.7211354406508654,-2.929944533015988,-2.6780060797538336,-4.518992489747039,-3.533586569707901,
Main-12,-1.100130682223689,-4.661923002580541,-3.279284952663761,-3.0686738174963586,-3.626066558943835,-3.019459834714946,-4.156953910927263,-3.195024609046021,-3.2137167420581734,-2.708740094196148,-4.09710699491801,-3.575550768806933,-3.427045834392248,-3.6080943165394044,-3.266545926886331,-3.0926989970833487,-2.6407138733402915,-3.0495696361863165,-4.8905560461795226,-3.9051501261403843,
Insertion-13,-2.4937455984552046,-4.290359446148058,-2.9077213962312776,-2.6971102610638757,-3.254503002511352,-2.647896278282463,-3.78539035449478,-2.823461052613538,-2.8421531856256905,-2.3371765377636646,-3.725543438485528,-3.20398721237445,-3.055482277959765,-3.2365307601069215,-2.8949823704538478,-2.7211354406508654,-2.929944533015988,-2.6780060797538336,-4.518992489747039,-3.533586569707901,
Main-13,-1.2095053218956617,-4.661923002580541,-3.279284952663761,-3.0686738174963586,-3.626066558943835,-3.019459834714946,-4.156953910927263,-3.195024609046021,-3.2137167420581734,-2.708740094196148,-4.09710699491801,-3.575550768806933,-3.427045834392248,-3.6080943165394044,-3.266545926886331,-3.0926989970833487,-2.2462699464814646,-3.0495696361863165,-4.8905560461795226,-3.9051501261403843,
Insertion-14,-2.4937455984552046,-4.290359446148058,-2.9077213962312776,-2.6971102610638757,-3.254503002511352,-2.647896278282463,-3.78539035449478,-2.823461052613538,-2.8421531856256905,-2.3371765377636646,-3.725543438485528,-3.20398721237445,-3.055482277959765,-3.2365307601069215,-2.8949823704538478,-2.7211354406508654,-2.929944533015988,-2.6780060797538336,-4.518992489747039,-3.533586569707901,
Main-14,-2.865309154887688,-4.661923002580541,-3.279284952663761,-3.0686738174963586,-2.795186977803585,-3.019459834714946,-4.156953910927263,-3.195024609046021,-3.2137167420581734,-1.0715339623405538,-4.09710699491801,-3.575550768806933,-3.427045834392248,-3.6080943165394044,-3.266545926886331,-3.0926989970833487,-3.301508089448471,-3.0495696361863165,-4.8905560461795226,-3.9051501261403843,
Insertion-15,-2.4937455984552046,-4.290359446148058,-2.9077213962312776,-2.6971102610638757,-3.254503002511352,-2.647896278282463,-3.78539035449478,-2.823461052613538,-2.8421531856256905,-2.3371765377636646,-3.725543438485528,-3.20398721237445,-3.055482277959765,-3.2365307601069215,-2.8949823704538478,-2.7211354406508654,-2.929944533015988,-2.6780060797538336,-4.518992489747039,-3.533586569707901,
Main-15,-2.865309154887688,-1.140081044017205,-3.279284952663761,-3.0686738174963586,-3.626066558943835,-3.019459834714946,-4.156953910927263,-3.195024609046021,-3.2137167420581734,-2.708740094196148,-4.09710699491801,-3.575550768806933,-3.427045834392248,-3.6080943165394044,-3.266545926886331,-3.0926989970833487,-3.301508089448471,-3.0495696361863165,-4.8905560461795226,-3.9051501261403843,
Insertion-16,-2.4937455984552046,-4.290359446148058,-2.9077213962312776,-2.6971102610638757,-3.254503002511352,-2.647896278282463,-3.78539035449478,-2.823461052613538,-2.8421531856256905,-2.3371765377636646,-3.725543438485528,-3.20398721237445,-3.055482277959765,-3.2365307601069215,-2.8949823704538478,-2.7211354406508654,-2.929944533015988,-2.6780060797538336,-4.518992489747039,-3.533586569707901,
Main-16,-2.865309154887688,-4.661923002580541,-3.279284952663761,-3.0686738174963586,-3.626066558943835,-3.019459834714946,-4.156953910927263,-1.9350725369781836,-3.2137167420581734,-1.2963906193289243,-4.09710699491801,-3.575550768806933,-3.427045834392248,-3.6080943165394044,-3.266545926886331,-3.0926989970833487,-3.301508089448471,-3.0495696361863165,-4.8905560461795226,-3.9051501261403843,
Insertion-17,-2.4937455984552046,-4.290359446148058,-2.9077213962312776,-2.6971102610638757,-3.254503002511352,-2.647896278282463,-3.78539035449478,-2.823461052613538,-2.8421531856256905,-2.3371765377636646,-3.725543438485528,-3.20398721237445,-3.055482277959765,-3.2365307601069215,-2.8949823704538478,-2.7211354406508654,-2.929944533015988,-2.6780060797538336,-4.518992489747039,-3.533586569707901,
Main-17,-1.635286365164193,-4.661923002580541,-3.279284952663761,-3.0686738174963586,-3.626066558943835,-3.019459834714946,-4.156953910927263,-3.195024609046021,-3.2137167420581734,-2.708740094196148,-4.09710699491801,-3.575550768806933,-3.427045834392248,-3.6080943165394044,-3.266545926886331,-1.6965746891354752,-2.6407138733402915,-3.0495696361863165,-4.8905560461795226,-3.9051501261403843,
Insertion-18,-2.4937455984552046,-4.290359446148058,-2.9077213962312776,-2.6971102610638757,-3.254503002511352,-2.647896278282463,-3.78539035449478,-2.823461052613538,-2.8421531856256905,-2.3371765377636646,-3.725543438485528,-3.20398721237445,-3.055482277959765,-3.2365307601069215,-2.8949823704538478,-2.7211354406508654,-2.929944533015988,-2.6780060797538336,-4.518992489747039,-3.533586569707901,
Main-18,-2.865309154887688,-4.661923002580541,-1.7396251492913137,-3.0686738174963586,-3.626066558943835,-1.5085009594222605,-4.156953910927263,-3.195024609046021,-3.2137167420581734,-2.708740094196148,-4.09710699491801,-3.575550768806933,-3.427045834392248,-3.6080943165394044,-3.266545926886331,-3.0926989970833487,-3.301508089448471,-3.0495696361863165,-4.8905560461795226,-3.9051501261403843,
Insertion-19,-2.4937455984552046,-4.290359446148058,-2.9077213962312776,-2.6971102610638757,-3.254503002511352,-2.647896278282463,-3.78539035449478,-2.823461052613538,-2.8421531856256905,-2.3371765377636646,-3.725543438485528,-3.20398721237445,-3.055482277959765,-3.2365307601069215,-2.8949823704538478,-2.7211354406508654,-2.929944533015988,-2.6780060797538336,-4.518992489747039,-3.533586569707901,
Main-19,-2.865309154887688,-4.661923002580541,-3.279284952663761,-3.0686738174963586,-3.626066558943835,-3.019459834714946,-4.156953910927263,-3.195024609046021,-3.2137167420581734,-1.5869344057107884,-4.09710699491801,-3.575550768806933,-2.703577460117341,-2.035985777199343,-2.6225054162746906,-3.0926989970833487,-3.301508089448471,-3.0495696361863165,-4.8905560461795226,-3.9051501261403843,
Insertion-20,-2.4937455984552046,-4.290359446148058,-2.9077213962312776,-2.6971102610638757,-3.254503002511352,-2.647896278282463,-3.78539035449478,-2.823461052613538,-2.8421531856256905,-2.3371765377636646,-3.725543438485528,-3.20398721237445,-3.055482277959765,-3.2365307601069215,-2.8949823704538478,-2.7211354406508654,-2.929944533015988,-2.6780060797538336,-4.518992489747039,-3.533586569707901,
Main-20,-1.3323287784084676,-4.661923002580541,-3.279284952663761,-3.0686738174963586,-3.626066558943835,-3.019459834714946,-4.156953910927263,-3.195024609046021,-3.2137167420581734,-2.708740094196148,-4.09710699491801,-3.575550768806933,-3.427045834392248,-3.6080943165394044,-3.266545926886331,-3.0926989970833487,-1.9641443518001607,-3.0495696361863165,-4.8905560461795226,-3.9051501261403843,
Insertion-21,-2.4937455984552046,-4.290359446148058,-2.9077213962312776,-2.6971102610638757,-3.254503002511352,-2.647896278282463,-3.78539035449478,-2.823461052613538,-2.8421531856256905,-2.3371765377636646,-3.725543438485528,-3.20398721237445,-3.055482277959765,-3.2365307601069215,-2.8949823704538478,-2.7211354406508654,-2.929944533015988,-2.6780060797538336,-4.518992489747039,-3.533586569707901,
Main-21,-2.865309154887688,-4.661923002580541,-1.5603193949535585,-3.0686738174963586,-3.626066558943835,-1.6779382943765002,-4.156953910927263,-3.195024609046021,-3.2137167420581734,-2.708740094196148,-4.09710699491801,-3.575550768806933,-3.427045834392248,-3.6080943165394044,-3.266545926886331,-3.0926989970833487,-3.301508089448471,-3.0495696361863165,-4.8905560461795226,-3.9051501261403843,
Insertion-22,-2.4937455984552046,-4.290359446148058,-2.9077213962312776,-2.6971102610638757,-3.254503002511352,-2.647896278282463,-3.78539035449478,-2.823461052613538,-2.8421531856256905,-2.3371765377636646,-3.725543438485528,-3.20398721237445,-3.055482277959765,-3.2365307601069215,-2.8949823704538478,-2.7211354406508654,-2.929944533015988,-2.6780060797538336,-4.518992489747039,-3.533586569707901,
Main-22,-1.0015481620347884,-4.661923002580541,-3.279284952663761,-3.0686738174963586,-3.626066558943835,-3.019459834714946,-4.156953910927263,-3.195024609046021,-3.2137167420581734,-2.708740094196148,-4.09710699491801,-3.575550768806933,-3.427045834392248,-3.6080943165394044,-3.266545926886331,-3.0926989970833487,-3.301508089448471,-3.0495696361863165,-4.8905560461795226,-3.9051501261403843,
Insertion-23,-2.4937455984552046,-4.290359446148058,-2.9077213962312776,-2.6971102610638757,-3.254503002511352,-2.647896278282463,-3.78539035449478,-2.823461052613538,-2.8421531856256905,-2.3371765377636646,-3.725543438485528,-3.20398721237445,-3.055482277959765,-3.2365307601069215,-2.8949823704538478,-2.7211354406508654,-2.929944533015988,-2.6780060797538336,-4.518992489747039,-3.533586569707901,
Main-23,-2.865309154887688,-4.661923002580541,-3.279284952663761,-3.0686738174963586,-3.626066558943835,-3.019459834714946,-4.156953910927263,-3.195024609046021,-1.1517948438995416,-2.708740094196148,-4.09710699491801,-3.575550768806933,-3.427045834392248,-3.6080943165394044,-3.266545926886331,-3.0926989970833487,-2.6407138733402915,-3.0495696361863165,-4.8905560461795226,-3.9051501261403843,
Insertion-24,-2.4937455984552046,-4.290359446148058,-2.9077213962312776,-2.6971102610638757,-3.254503002511352,-2.647896278282463,-3.78539035449478,-2.823461052613538,-2.8421531856256905,-2.3371765377636646,-3.725543438485528,-3.20398721237445,-3.055482277959765,-3.2365307601069215,-2.8949823704538478,-2.7211354406508654,-2.929944533015988,-2.6780060797538336,-4.518992489747039,-3.533586569707901,
Main-24,-2.865309154887688,-4.661923002580541,-3.279284952663761,-3.0686738174963586,-3.626066558943835,-3.019459834714946,-4.156953910927263,-3.195024609046021,-3.2137167420581734,-2.708740094196148,-4.09710699491801,-3.575550768806933,-1.070527622313993,-3.6080943165394044,-3.266545926886331,-3.0926989970833487,-3.301508089448471,-3.0495696361863165,-4.8905560461795226,-3.9051501261403843,
Insertion-25,-2.4937455984552046,-4.290359446148058,-2.9077213962312776,-2.6971102610638757,-3.254503002511352,-2.647896278282463,-3.78539035449478,-2.823461052613538,-2.8421531856256905,-2.3371765377636646,-3.725543438485528,-3.20398721237445,-3.055482277959765,-3.2365307601069215,-2.8949823704538478,-2.7211354406508654,-2.929944533015988,-2.6780060797538336,-4.518992489747039,-3.533586569707901,
Main-25,-2.865309154887688,-4.661923002580541,-3.279284952663761,-3.0686738174963586,-3.626066558943835,-2.4851825499139055,-4.156953910927263,-3.195024609046021,-3.2137167420581734,-2.708740094196148,-4.09710699491801,-3.575550768806933,-3.427045834392248,-3.6080943165394044,-3.266545926886331,-1.2491144599907076,-2.6407138733402915,-3.0495696361863165,-4.8905560461795226,-3.9051501261403843,
Insertion-26,-2.4937455984552046,-4.290359446148058,-2.9077213962312776,-2.6971102610638757,-3.254503002511352,-2.647896278282463,-3.78539035449478,-2.823461052613538,-2.8421531856256905,-2.3371765377636646,-3.725543438485528,-3.20398721237445,-3.055482277959765,-3.2365307601069215,-2.8949823704538478,-2.7211354406508654,-2.929944533015988,-2.6780060797538336,-4.518992489747039,-3.533586569707901,
Main-26,-2.865309154887688,-4.661923002580541,-2.2384776992612982,-3.0686738174963586,-3.626066558943835,-1.36365600172292,-4.156953910927263,-3.195024609046021,-3.2137167420581734,-2.708740094196148,-4.09710699491801,-3.575550768806933,-3.427045834392248,-3.6080943165394044,-3.266545926886331,-2.5274542702757254,-3.301508089448471,-3.0495696361863165,-4.8905560461795226,-3.9051501261403843,
Insertion-27,-2.4937455984552046,-4.290359446148058,-2.9077213962312776,-2.6971102610638757,-3.254503002511352,-2.647896278282463,-3.78539035449478,-2.823461052613538,-2.8421531856256905,-2.3371765377636646,-3.725543438485528,-3.20398721237445,-3.055482277959765,-3.2365307601069215,-2.8949823704538478,-2.7211354406508654,-2.929944533015988,-2.6780060797538336,-4.518992489747039,-3.533586569707901,
Main-27,-1.4723782686557927,-4.661923002580541,-3.279284952663761,-3.0686738174963586,-3.626066558943835,-3.019459834714946,-4.156953910927263,-3.195024609046021,-3.2137167420581734,-2.708740094196148,-4.09710699491801,-3.575550768806933,-1.9956076212559455,-3.6080943165394044,-3.266545926886331,-2.5274542702757254,-3.301508089448471,-3.0495696361863165,-4.8905560461795226,-3.9051501261403843,
Insertion-28,-2.4937455984552046,-4.290359446148058,-2.9077213962312776,-2.6971102610638757,-3.254503002511352,-2.647896278282463,-3.78539035449478,-2.823461052613538,-2.8421531856256905,-2.3371765377636646,-3.725543438485528,-3.20398721237445,-3.055482277959765,-3.2365307601069215,-2.8949823704538478,-2.7211354406508654,-2.929944533015988,-2.6780060797538336,-4.518992489747039,-3.533586569707901,
Main-28,-2.865309154887688,-4.661923002580541,-3.279284952663761,-1.0305025656626912,-3.626066558943835,-3.019459834714946,-4.156953910927263,-3.195024609046021,-3.2137167420581734,-2.708740094196148,-4.09710699491801,-3.575550768806933,-3.427045834392248,-3.6080943165394044,-3.266545926886331,-3.0926989970833487,-3.301508089448471,-3.0495696361863165,-4.8905560461795226,-3.9051501261403843,
Insertion-29,-2.4937455984552046,-4.290359446148058,-2.9077213962312776,-2.6971102610638757,-3.254503002511352,-2.647896278282463,-3.78539035449478,-2.823461052613538,-2.8421531856256905,-2.3371765377636646,-3.725543438485528,-3.20398721237445,-3.055482277959765,-3.2365307601069215,-2.8949823704538478,-2.7211354406508654,-2.929944533015988,-2.6780060797538336,-4.518992489747039,-3.533586569707901,
Main-29,-2.865309154887688,-4.661923002580541,-3.279284952663761,-3.0686738174963586,-3.626066558943835,-3.019459834714946,-4.156953910927263,-3.195024609046021,-3.2137167420581734,-2.708740094196148,-4.09710699491801,-3.575550768806933,-3.427045834392248,-3.6080943165394044,-3.266545926886331,-1.0335997419673757,-3.301508089448471,-3.0495696361863165,-4.8905560461795226,-3.9051501261403843,
Insertion-30,-2.4937455984552046,-4.290359446148058,-2.9077213962312776,-2.6971102610638757,-3.254503002511352,-2.647896278282463,-3.78539035449478,-2.823461052613538,-2.8421531856256905,-2.3371765377636646,-3.725543438485528,-3.20398721237445,-3.055482277959765,-3.2365307601069215,-2.8949823704538478,-2.7211354406508654,-2.929944533015988,-2.6780060797538336,-4.518992489747039,-3.533586569707901,
Main-30,-2.865309154887688,-4.661923002580541,-1.7396251492913137,-3.0686738174963586,-3.626066558943835,-2.4851825499139055,-4.156953910927263,-3.195024609046021,-3.2137167420581734,-2.708740094196148,-4.09710699491801,-3.575550768806933,-3.427045834392248,-3.6080943165394044,-2.6225054162746906,-1.9049667825905858,-3.301508089448471,-3.0495696361863165,-4.8905560461795226,-3.9051501261403843,
Insertion-31,-2.4937455984552046,-4.290359446148058,-2.9077213962312776,-2.6971102610638757,-3.254503002511352,-2.647896278282463,-3.78539035449478,-2.823461052613538,-2.8421531856256905,-2.3371765377636646,-3.725543438485528,-3.20398721237445,-3.055482277959765,-3.2365307601069215,-2.8949823704538478,-2.7211354406508654,-2.929944533015988,-2.6780060797538336,-4.518992489747039,-3.533586569707901,
Main-31,-2.865309154887688,-4.661923002580541,-3.279284952663761,-3.0686738174963586,-3.626066558943835,-3.019459834714946,-4.156953910927263,-3.195024609046021,-1.0482470109617632,-2.708740094196148,-4.09710699491801,-3.575550768806933,-3.427045834392248,-3.6080943165394044,-3.266545926886331,-3.0926989970833487,-3.301508089448471,-3.0495696361863165,-4.8905560461795226,-3.9051501261403843,
Insertion-32,-2.4937455984552046,-4.290359446148058,-2.9077213962312776,-2.6971102610638757,-3.254503002511352,-2.647896278282463,-3.78539035449478,-2.823461052613538,-2.8421531856256905,-2.3371765377636646,-3.725543438485528,-3.20398721237445,-3.055482277959765,-3.2365307601069215,-2.8949823704538478,-2.7211354406508654,-2.929944533015988,-2.6780060797538336,-4.518992489747039,-3.533586569707901,
Main-32,-2.7168891497694143,-4.513502997462267,-3.1308649475454873,-2.9202538123780855,-3.477646553825562,-1.3600809543039873,-4.0085339058089895,-3.0466046039277477,-3.0652967369399002,-2.5603200890778743,-3.9486869897997376,-3.42713076368866,-3.2786258292739747,-3.4596743114211312,-3.1181259217680575,-2.9442789919650756,-3.153088084330198,-2.9011496310680434,-4.742136041061249,-3.7567301210221107,
Insertion-33,-2.4937455984552046,-4.290359446148058,-2.9077213962312776,-2.6971102610638757,-3.254503002511352,-2.647896278282463,-3.78539035449478,-2.823461052613538,-2.8421531856256905,-2.3371765377636646,-3.725543438485528,-3.20398721237445,-3.055482277959765,-3.2365307601069215,-2.8949823704538478,-2.7211354406508654,-2.929944533015988,-2.6780060797538336,-4.518992489747039,-3.533586569707901,
Main-33,-1.3239582635375196,-4.513502997462267,-3.1308649475454873,-2.9202538123780855,-3.477646553825562,-2.871039829596673,-4.0085339058089895,-3.0466046039277477,-3.0652967369399002,-2.5603200890778743,-3.9486869897997376,-3.42713076368866,-3.2786258292739747,-3.4596743114211312,-3.1181259217680575,-2.9442789919650756,-3.153088084330198,-2.9011496310680434,-4.742136041061249,-3.7567301210221107,
Insertion-34,-2.4937455984552046,-4.290359446148058,-2.9077213962312776,-2.6971102610638757,-3.254503002511352,-2.647896278282463,-3.78539035449478,-2.823461052613538,-2.8421531856256905,-2.3371765377636646,-3.725543438485528,-3.20398721237445,-3.055482277959765,-3.2365307601069215,-2.8949823704538478,-2.7211354406508654,-2.929944533015988,-2.6780060797538336,-4.518992489747039,-3.533586569707901,
Main-34,-1.100130682223689,-4.661923002580541,-3.279284952663761,-3.0686738174963586,-3.626066558943835,-3.019459834714946,-4.156953910927263,-3.195024609046021,-3.2137167420581734,-2.708740094196148,-4.09710699491801,-3.575550768806933,-3.427045834392248,-3.6080943165394044,-3.266545926886331,-3.0926989970833487,-2.6407138733402915,-3.0495696361863165,-4.8905560461795226,-3.9051501261403843,
Insertion-35,-2.4937455984552046,-4.290359446148058,-2.9077213962312776,-2.6971102610638757,-3.254503002511352,-2.647896278282463,-3.78539035449478,-2.823461052613538,-2.8421531856256905,-2.3371765377636646,-3.725543438485528,-3.20398721237445,-3.055482277959765,-3.2365307601069215,-2.8949823704538478,-2.7211354406508654,-2.929944533015988,-2.6780060797538336,-4.518992489747039,-3.533586569707901,
Main-35,-2.865309154887688,-4.661923002580541,-3.279284952663761,-3.0686738174963586,-1.08777467659098,-3.019459834714946,-4.156953910927263,-3.195024609046021,-3.2137167420581734,-2.708740094196148,-4.09710699491801,-3.575550768806933,-3.427045834392248,-3.6080943165394044,-3.266545926886331,-3.0926989970833487,-3.301508089448471,-3.0495696361863165,-4.8905560461795226,-3.9051501261403843,
Insertion-36,-2.4937455984552046,-4.290359446148058,-2.9077213962312776,-2.6971102610638757,-3.254503002511352,-2.647896278282463,-3.78539035449478,-2.823461052613538,-2.8421531856256905,-2.3371765377636646,-3.725543438485528,-3.20398721237445,-3.055482277959765,-3.2365307601069215,-2.8949823704538478,-2.7211354406508654,-2.929944533015988,-2.6780060797538336,-4.518992489747039,-3.533586569707901,
Main-36,-2.865309154887688,-4.661923002580541,-3.279284952663761,-3.0686738174963586,-3.626066558943835,-3.019459834714946,-4.156953910927263,-3.195024609046021,-3.2137167420581734,-2.708740094196148,-1.8672264546077388,-3.575550768806933,-3.427045834392248,-3.6080943165394044,-3.266545926886331,-3.0926989970833487,-3.301508089448471,-1.5150686139913294,-4.8905560461795226,-3.9051501261403843,
Insertion-37,-2.4937455984552046,-4.290359446148058,-2.9077213962312776,-2.6971102610638757,-3.254503002511352,-2.647896278282463,-3.78539035449478,-2.823461052613538,-2.8421531856256905,-2.3371765377636646,-3.725543438485528,-3.20398721237445,-3.055482277959765,-3.2365307601069215,-2.8949823704538478,-2.7211354406508654,-2.929944533015988,-2.6780060797538336,-4.518992489747039,-3.533586569707901,
Main-37,-2.865309154887688,-4.661923002580541,-3.279284952663761,-3.0686738174963586,-3.626066558943835,-3.019459834714946,-4.156953910927263,-3.195024609046021,-3.2137167420581734,-2.708740094196148,-4.09710699491801,-3.575550768806933,-3.427045834392248,-3.6080943165394044,-3.266545926886331,-1.0335997419673757,-3.301508089448471,-3.0495696361863165,-4.8905560461795226,-3.9051501261403843,
Insertion-38,-2.4937455984552046,-4.290359446148058,-2.9077213962312776,-2.6971102610638757,-3.254503002511352,-2.647896278282463,-3.78539035449478,-2.823461052613538,-2.8421531856256905,-2.3371765377636646,-3.725543438485528,-3.20398721237445,-3.055482277959765,-3.2365307601069215,-2.8949823704538478,-2.7211354406508654,-2.929944533015988,-2.6780060797538336,-4.518992489747039,-3.533586569707901,
Main-38,-2.865309154887688,-4.661923002580541,-3.279284952663761,-3.0686738174963586,-3.626066558943835,-3.019459834714946,-4.156953910927263,-3.195024609046021,-1.0482470109617632,-2.708740094196148,-4.09710699491801,-3.575550768806933,-3.427045834392248,-3.6080943165394044,-3.266545926886331,-3.0926989970833487,-3.301508089448471,-3.0495696361863165,-4.8905560461795226,-3.9051501261403843,
Insertion-39,-2.4937455984552046,-4.290359446148058,-2.9077213962312776,-2.6971102610638757,-3.254503002511352,-2.647896278282463,-3.78539035449478,-2.823461052613538,-2.8421531856256905,-2.3371765377636646,-3.725543438485528,-3.20398721237445,-3.055482277959765,-3.2365307601069215,-2.8949823704538478,-2.7211354406508654,-2.929944533015988,-2.6780060797538336,-4.518992489747039,-3.533586569707901,
Main-39,-2.865309154887688,-4.661923002580541,-3.279284952663761,-3.0686738174963586,-3.626066558943835,-3.019459834714946,-4.156953910927263,-3.195024609046021,-3.2137167420581734,-2.708740094196148,-4.09710699491801,-3.575550768806933,-3.427045834392248,-1.1941362844328862,-2.6225054162746906,-3.0926989970833487,-3.301508089448471,-3.0495696361863165,-4.8905560461795226,-3.9051501261403843,
Insertion-40,-2.4937455984552046,-4.290359446148058,-2.9077213962312776,-2.6971102610638757,-3.254503002511352,-2.647896278282463,-3.78539035449478,-2.823461052613538,-2.8421531856256905,-2.3371765377636646,-3.725543438485528,-3.20398721237445,-3.055482277959765,-3.2365307601069215,-2.8949823704538478,-2.7211354406508654,-2.929944533015988,-2.6780060797538336,-4.518992489747039,-3.533586569707901,
Main-40,-2.865309154887688,-4.661923002580541,-3.279284952663761,-1.0305025656626912,-3.626066558943835,-3.019459834714946,-4.156953910927263,-3.195024609046021,-3.2137167420581734,-2.708740094196148,-4.09710699491801,-3.575550768806933,-3.427045834392248,-3.6080943165394044,-3.266545926886331,-3.0926989970833487,-3.301508089448471,-3.0495696361863165,-4.8905560461795226,-3.9051501261403843,
Insertion-41,-2.4937455984552046,-4.290359446148058,-2.9077213962312776,-2.6971102610638757,-3.254503002511352,-2.647896278282463,-3.78539035449478,-2.823461052613538,-2.8421531856256905,-2.3371765377636646,-3.725543438485528,-3.20398721237445,-3.055482277959765,-3.2365307601069215,-2.8949823704538478,-2.7211354406508654,-2.929944533015988,-2.6780060797538336,-4.518992489747039,-3.533586569707901,
Main-41,-2.865309154887688,-4.661923002580541,-3.279284952663761,-3.0686738174963586,-3.626066558943835,-1.0239527445202605,-4.156953910927263,-3.195024609046021,-3.2137167420581734,-2.708740094196148,-4.09710699491801,-3.575550768806933,-3.427045834392248,-3.6080943165394044,-3.266545926886331,-3.0926989970833487,-3.301508089448471,-3.0495696361863165,-4.8905560461795226,-3.9051501261403843,
Insertion-42,-2.4937455984552046,-4.290359446148058,-2.9077213962312776,-2.6971102610638757,-3.254503002511352,-2.647896278282463,-3.78539035449478,-2.823461052613538,-2.8421531856256905,-2.3371765377636646,-3.725543438485528,-3.20398721237445,-3.055482277959765,-3.2365307601069215,-2.8949823704538478,-2.7211354406508654,-2.929944533015988,-2.6780060797538336,-4.518992489747039,-3.533586569707901,
Main-42,-2.865309154887688,-4.661923002580541,-3.279284952663761,-3.0686738174963586,-3.626066558943835,-3.019459834714946,-4.156953910927263,-3.195024609046021,-3.2137167420581734,-2.708740094196148,-4.09710699491801,-2.0291418441945184,-3.427045834392248,-3.6080943165394044,-3.266545926886331,-1.3772320994578549,-3.301508089448471,-3.0495696361863165,-4.8905560461795226,-3.9051501261403843,
Insertion-43,-2.4937455984552046,-4.290359446148058,-2.9077213962312776,-2.6971102610638757,-3.254503002511352,-2.647896278282463,-3.78539035449478,-2.823461052613538,-2.8421531856256905,-2.3371765377636646,-3.725543438485528,-3.20398721237445,-3.055482277959765,-3.2365307601069215,-2.8949823704538478,-2.7211354406508654,-2.929944533015988,-2.6780060797538336,-4.518992489747039,-3.533586569707901,
Main-43,-2.865309154887688,-4.661923002580541,-3.279284952663761,-1.5191560273223113,-3.626066558943835,-3.019459834714946,-4.156953910927263,-3.195024609046021,-1.7251971353128253,-2.708740094196148,-4.09710699491801,-3.575550768806933,-3.427045834392248,-3.6080943165394044,-3.266545926886331,-3.0926989970833487,-3.301508089448471,-3.0495696361863165,-4.8905560461795226,-3.9051501261403843,
Insertion-44,-2.4937455984552046,-4.290359446148058,-2.9077213962312776,-2.6971102610638757,-3.254503002511352,-2.647896278282463,-3.78539035449478,-2.823461052613538,-2.8421531856256905,-2.3371765377636646,-3.725543438485528,-3.20398721237445,-3.055482277959765,-3.2365307601069215,-2.8949823704538478,-2.7211354406508654,-2.929944533015988,-2.6780060797538336,-4.518992489747039,-3.533586569707901,
Main-44,-2.865309154887688,-4.661923002580541,-3.279284952663761,-3.0686738174963586,-3.626066558943835,-3.019459834714946,-4.156953910927263,-3.195024609046021,-3.2137167420581734,-2.708740094196148,-4.09710699491801,-3.575550768806933,-3.427045834392248,-3.6080943165394044,-3.266545926886331,-3.0926989970833487,-3.301508089448471,-1.0279931540572655,-4.8905560461795226,-3.9051501261403843,
Insertion-45,-2.4937455984552046,-4.290359446148058,-2.9077213962312776,-2.6971102610638757,-3.254503002511352,-2.647896278282463,-3.78539035449478,-2.823461052613538,-2.8421531856256905,-2.3371765377636646,-3.725543438485528,-3.20398721237445,-3.055482277959765,-3.2365307601069215,-2.8949823704538478,-2.7211354406508654,-2.929944533015988,-2.6780060797538336,-4.518992489747039,-3.533586569707901,
Main-45,-2.865309154887688,-4.661923002580541,-3.279284952663761,-3.0686738174963586,-3.626066558943835,-3.019459834714946,-4.156953910927263,-3.195024609046021,-3.2137167420581734,-2.708740094196148,-4.09710699491801,-3.575550768806933,-3.427045834392248,-3.6080943165394044,-3.266545926886331,-3.0926989970833487,-3.301508089448471,-1.0279931540572655,-4.8905560461795226,-3.9051501261403843,
Insertion-46,-2.4937455984552046,-4.290359446148058,-2.9077213962312776,-2.6971102610638757,-3.254503002511352,-2.647896278282463,-3.78539035449478,-2.823461052613538,-2.8421531856256905,-2.3371765377636646,-3.725543438485528,-3.20398721237445,-3.055482277959765,-3.2365307601069215,-2.8949823704538478,-2.7211354406508654,-2.929944533015988,-2.6780060797538336,-4.518992489747039,-3.533586569707901,
Main-46,-2.865309154887688,-4.661923002580541,-3.279284952663761,-3.0686738174963586,-3.626066558943835,-3.019459834714946,-4.156953910927263,-3.195024609046021,-1.7251971353128253,-2.708740094196148,-4.09710699491801,-1.7961830318740415,-3.427045834392248,-3.6080943165394044,-2.6225054162746906,-3.0926989970833487,-3.301508089448471,-3.0495696361863165,-4.8905560461795226,-3.9051501261403843,
Insertion-47,-2.4937455984552046,-4.290359446148058,-2.9077213962312776,-2.6971102610638757,-3.254503002511352,-2.647896278282463,-3.78539035449478,-2.823461052613538,-2.8421531856256905,-2.3371765377636646,-3.725543438485528,-3.20398721237445,-3.055482277959765,-3.2365307601069215,-2.8949823704538478,-2.7211354406508654,-2.929944533015988,-2.6780060797538336,-4.518992489747039,-3.533586569707901,
Main-47,-2.865309154887688,-4.661923002580541,-3.279284952663761,-3.0686738174963586,-3.626066558943835,-3.019459834714946,-4.156953910927263,-3.195024609046021,-3.2137167420581734,-2.708740094196148,-4.09710699491801,-3.575550768806933,-3.427045834392248,-3.6080943165394044,-1.0541665231167572,-3.0926989970833487,-3.301508089448471,-3.0495696361863165,-4.8905560461795226,-3.9051501261403843,
Insertion-48,-2.4937455984552046,-4.290359446148058,-2.9077213962312776,-2.6971102610638757,-3.254503002511352,-2.647896278282463,-3.78539035449478,-2.823461052613538,-2.8421531856256905,-2.3371765377636646,-3.725543438485528,-3.20398721237445,-3.055482277959765,-3.2365307601069215,-2.8949823704538478,-2.7211354406508654,-2.929944533015988,-2.6780060797538336,-4.518992489747039,-3.533586569707901,
Main-48,-2.865309154887688,-4.661923002580541,-3.279284952663761,-3.0686738174963586,-3.626066558943835,-3.019459834714946,-4.156953910927263,-3.195024609046021,-3.2137167420581734,-1.2963906193289243,-4.09710699491801,-3.575550768806933,-1.9956076212559455,-3.6080943165394044,-3.266545926886331,-3.0926989970833487,-3.301508089448471,-3.0495696361863165,-4.8905560461795226,-3.9051501261403843,
Insertion-49,-2.4937455984552046,-4.290359446148058,-2.9077213962312776,-2.6971102610638757,-3.254503002511352,-2.647896278282463,-3.78539035449478,-2.823461052613538,-2.8421531856256905,-2.3371765377636646,-3.725543438485528,-3.20398721237445,-3.055482277959765,-3.2365307601069215,-2.8949823704538478,-2.7211354406508654,-2.929944533015988,-2.6780060797538336,-4.518992489747039,-3.533586569707901,
Main-49,-2.865309154887688,-4.661923002580541,-3.279284952663761,-3.0686738174963586,-3.626066558943835,-3.019459834714946,-4.156953910927263,-3.195024609046021,-3.2137167420581734,-2.708740094196148,-4.09710699491801,-3.575550768806933,-3.427045834392248,-3.6080943165394044,-1.0541665231167572,-3.0926989970833487,-3.301508089448471,-3.0495696361863165,-4.8905560461795226,-3.9051501261403843,
Insertion-50,-2.4937455984552046,-4.290359446148058,-2.9077213962312776,-2.6971102610638757,-3.254503002511352,-2.647896278282463,-3.78539035449478,-2.823461052613538,-2.8421531856256905,-2.3371765377636646,-3.725543438485528,-3.20398721237445,-3.055482277959765,-3.2365307601069215,-2.8949823704538478,-2.7211354406508654,-2.929944533015988,-2.6780060797538336,-4.518992489747039,-3.533586569707901,
Main-50,-2.865309154887688,-4.661923002580541,-3.279284952663761,-3.0686738174963586,-3.626066558943835,-3.019459834714946,-4.156953910927263,-3.195024609046021,-3.2137167420581734,-2.708740094196148,-4.09710699491801,-3.575550768806933,-3.427045834392248,-3.6080943165394044,-1.0541665231167572,-3.0926989970833487,-3.301508089448471,-3.0495696361863165,-4.8905560461795226,-3.9051501261403843,
Insertion-51,-2.4937455984552046,-4.290359446148058,-2.9077213962312776,-2.6971102610638757,-3.254503002511352,-2.647896278282463,-3.78539035449478,-2.823461052613538,-2.8421531856256905,-2.3371765377636646,-3.725543438485528,-3.20398721237445,-3.055482277959765,-3.2365307601069215,-2.8949823704538478,-2.7211354406508654,-2.929944533015988,-2.6780060797538336,-4.518992489747039,-3.533586569707901,
Main-51,-2.865309154887688,-4.661923002580541,-3.279284952663761,-3.0686738174963586,-3.626066558943835,-3.019459834714946,-4.156953910927263,-3.195024609046021,-3.2137167420581734,-2.708740094196148,-4.09710699491801,-3.575550768806933,-3.427045834392248,-3.6080943165394044,-3.266545926886331,-3.0926989970833487,-3.301508089448471,-3.0495696361863165,-4.8905560461795226,-1.1072007886133806,
Insertion-52,-2.4937455984552046,-4.290359446148058,-2.9077213962312776,-2.6971102610638757,-3.254503002511352,-2.647896278282463,-3.78539035449478,-2.823461052613538,-2.8421531856256905,-2.3371765377636646,-3.725543438485528,-3.20398721237445,-3.055482277959765,-3.2365307601069215,-2.8949823704538478,-2.7211354406508654,-2.929944533015988,-2.6780060797538336,-4.518992489747039,-3.533586569707901,
Main-52,-2.865309154887688,-4.661923002580541,-3.279284952663761,-3.0686738174963586,-3.626066558943835,-3.019459834714946,-4.156953910927263,-3.195024609046021,-3.2137167420581734,-0.9756015619206524,-4.09710699491801,-3.575550768806933,-3.427045834392248,-3.6080943165394044,-3.266545926886331,-3.0926989970833487,-3.301508089448471,-3.0495696361863165,-4.8905560461795226,-3.9051501261403843,
Insertion-53,-2.4937455984552046,-4.290359446148058,-2.9077213962312776,-2.6971102610638757,-3.254503002511352,-2.647896278282463,-3.78539035449478,-2.823461052613538,-2.8421531856256905,-2.3371765377636646,-3.725543438485528,-3.20398721237445,-3.055482277959765,-3.2365307601069215,-2.8949823704538478,-2.7211354406508654,-2.929944533015988,-2.6780060797538336,-4.518992489747039,-3.533586569707901,
Main-53,-2.756109862922696,-4.552723710615549,-2.1292784072963067,-2.9594745255313666,-3.516867266978843,-2.910260542749954,-4.047754618962271,-3.085825317081029,-3.1045174500931814,-2.599540802231156,-3.9879077029530188,-2.6636653304006943,-3.317846542427256,-3.4988950245744124,-3.157346634921339,-2.9834997051183567,-3.192308797483479,-2.9403703442213245,-4.7813567542145305,-1.981617042908798,
Insertion-54,-2.4937455984552046,-4.290359446148058,-2.9077213962312776,-2.6971102610638757,-3.254503002511352,-2.647896278282463,-3.78539035449478,-2.823461052613538,-2.8421531856256905,-2.3371765377636646,-3.725543438485528,-3.20398721237445,-3.055482277959765,-3.2365307601069215,-2.8949823704538478,-2.7211354406508654,-2.929944533015988,-2.6780060797538336,-4.518992489747039,-3.533586569707901,
Main-54,-2.756109862922696,-4.552723710615549,-3.170085660698769,-2.9594745255313666,-3.516867266978843,-2.910260542749954,-2.8837781589101543,-3.085825317081029,-3.1045174500931814,-2.599540802231156,-3.9879077029530188,-2.6636653304006943,-3.317846542427256,-1.9267864852343508,-3.157346634921339,-2.4182549783107334,-3.192308797483479,-2.9403703442213245,-4.7813567542145305,-3.7959508341753923,
Insertion-55,-2.4937455984552046,-4.290359446148058,-2.9077213962312776,-2.6971102610638757,-3.254503002511352,-2.647896278282463,-3.78539035449478,-2.823461052613538,-2.8421531856256905,-2.3371765377636646,-3.725543438485528,-3.20398721237445,-3.055482277959765,-3.2365307601069215,-2.8949823704538478,-2.7211354406508654,-2.929944533015988,-2.6780060797538336,-4.518992489747039,-3.533586569707901,
Main-55,-2.756109862922696,-4.552723710615549,-3.170085660698769,-2.9594745255313666,-3.516867266978843,-2.029626262095159,-4.047754618962271,-3.085825317081029,-3.1045174500931814,-2.599540802231156,-3.9879077029530188,-3.466351476841941,-3.317846542427256,-3.4988950245744124,-3.157346634921339,-2.9834997051183567,-3.192308797483479,-2.9403703442213245,-1.8187354559648992,-3.7959508341753923,
Insertion-56,-2.4937455984552046,-4.290359446148058,-2.9077213962312776,-2.6971102610638757,-3.254503002511352,-2.647896278282463,-3.78539035449478,-2.823461052613538,-2.8421531856256905,-2.3371765377636646,-3.725543438485528,-3.20398721237445,-3.055482277959765,-3.2365307601069215,-2.8949823704538478,-2.7211354406508654,-2.929944533015988,-2.6780060797538336,-4.518992489747039,-3.533586569707901,
Main-56,-2.756109862922696,-4.552723710615549,-3.170085660698769,-2.9594745255313666,-3.516867266978843,-2.910260542749954,-4.047754618962271,-3.085825317081029,-3.1045174500931814,-1.1871913273639325,-3.9879077029530188,-3.466351476841941,-3.317846542427256,-3.4988950245744124,-3.157346634921339,-2.9834997051183567,-3.192308797483479,-2.9403703442213245,-4.7813567542145305,-3.7959508341753923,
Insertion-57,-2.4937455984552046,-4.290359446148058,-2.9077213962312776,-2.6971102610638757,-3.254503002511352,-2.647896278282463,-3.78539035449478,-2.823461052613538,-2.8421531856256905,-2.3371765377636646,-3.725543438485528,-3.20398721237445,-3.055482277959765,-3.2365307601069215,-2.8949823704538478,-2.7211354406508654,-2.929944533015988,-2.6780060797538336,-4.518992489747039,-3.533586569707901,
Main-57,-2.865309154887688,-4.661923002580541,-3.279284952663761,-3.0686738174963586,-3.626066558943835,-1.0239527445202605,-4.156953910927263,-3.195024609046021,-3.2137167420581734,-2.708740094196148,-4.09710699491801,-3.575550768806933,-3.427045834392248,-3.6080943165394044,-3.266545926886331,-3.0926989970833487,-3.301508089448471,-3.0495696361863165,-4.8905560461795226,-3.9051501261403843,
Insertion-58,-2.4937455984552046,-4.290359446148058,-2.9077213962312776,-2.6971102610638757,-3.254503002511352,-2.647896278282463,-3.78539035449478,-2.823461052613538,-2.8421531856256905,-2.3371765377636646,-3.725543438485528,-3.20398721237445,-3.055482277959765,-3.2365307601069215,-2.8949823704538478,-2.7211354406508654,-2.929944533015988,-2.6780060797538336,-4.518992489747039,-3.533586569707901,
Main-58,-1.0015481620347884,-4.661923002580541,-3.279284952663761,-3.0686738174963586,-3.626066558943835,-3.019459834714946,-4.156953910927263,-3.195024609046021,-3.2137167420581734,-2.708740094196148,-4.09710699491801,-3.575550768806933,-3.427045834392248,-3.6080943165394044,-3.266545926886331,-3.0926989970833487,-3.301508089448471,-3.0495696361863165,-4.8905560461795226,-3.9051501261403843,
Insertion-59,-2.4937455984552046,-4.290359446148058,-2.9077213962312776,-2.6971102610638757,-3.254503002511352,-2.647896278282463,-3.78539035449478,-2.823461052613538,-2.8421531856256905,-2.3371765377636646,-3.725543438485528,-3.20398721237445,-3.055482277959765,-3.2365307601069215,-2.8949823704538478,-2.7211354406508654,-2.929944533015988,-2.6780060797538336,-4.518992489747039,-3.533586569707901,
Main-59,-2.865309154887688,-4.661923002580541,-3.279284952663761,-3.0686738174963586,-3.626066558943835,-3.019459834714946,-4.156953910927263,-3.195024609046021,-3.2137167420581734,-2.708740094196148,-4.09710699491801,-3.575550768806933,-1.4297059125468794,-3.6080943165394044,-3.266545926886331,-1.9049667825905858,-3.301508089448471,-3.0495696361863165,-4.8905560461795226,-3.9051501261403843,
Insertion-60,-2.4937455984552046,-4.290359446148058,-2.9077213962312776,-2.6971102610638757,-3.254503002511352,-2.647896278282463,-3.78539035449478,-2.823461052613538,-2.8421531856256905,-2.3371765377636646,-3.725543438485528,-3.20398721237445,-3.055482277959765,-3.2365307601069215,-2.8949823704538478,-2.7211354406508654,-2.929944533015988,-2.6780060797538336,-4.518992489747039,-3.533586569707901,
Main-60,-1.829998595330056,-4.661923002580541,-3.279284952663761,-3.0686738174963586,-3.626066558943835,-3.019459834714946,-4.156953910927263,-3.195024609046021,-3.2137167420581734,-2.708740094196148,-4.09710699491801,-3.575550768806933,-3.427045834392248,-3.6080943165394044,-3.266545926886331,-3.0926989970833487,-3.301508089448471,-1.3693355301745211,-4.8905560461795226,-3.9051501261403843,
Insertion-61,-2.4937455984552046,-4.290359446148058,-2.9077213962312776,-2.6971102610638757,-3.254503002511352,-2.647896278282463,-3.78539035449478,-2.823461052613538,-2.8421531856256905,-2.3371765377636646,-3.725543438485528,-3.20398721237445,-3.055482277959765,-3.2365307601069215,-2.8949823704538478,-2.7211354406508654,-2.929944533015988,-2.6780060797538336,-4.518992489747039,-3.533586569707901,
Main-61,-2.865309154887688,-4.661923002580541,-3.279284952663761,-3.0686738174963586,-3.626066558943835,-3.019459834714946,-4.156953910927263,-3.195024609046021,-3.2137167420581734,-2.708740094196148,-4.09710699491801,-3.575550768806933,-1.070527622313993,-3.6080943165394044,-3.266545926886331,-3.0926989970833487,-3.301508089448471,-3.0495696361863165,-4.8905560461795226,-3.9051501261403843,
Insertion-62,-2.4937455984552046,-4.290359446148058,-2.9077213962312776,-2.6971102610638757,-3.254503002511352,-2.647896278282463,-3.78539035449478,-2.823461052613538,-2.8421531856256905,-2.3371765377636646,-3.725543438485528,-3.20398721237445,-3.055482277959765,-3.2365307601069215,-2.8949823704538478,-2.7211354406508654,-2.929944533015988,-2.6780060797538336,-4.518992489747039,-3.533586569707901,
Main-62,-2.865309154887688,-4.661923002580541,-3.279284952663761,-3.0686738174963586,-3.626066558943835,-3.019459834714946,-4.156953910927263,-3.195024609046021,-3.2137167420581734,-2.708740094196148,-4.09710699491801,-3.575550768806933,-3.427045834392248,-3.6080943165394044,-3.266545926886331,-1.9049667825905858,-3.301508089448471,-3.0495696361863165,-4.8905560461795226,-1.4826533666117054,
Insertion-63,-2.4937455984552046,-4.290359446148058,-2.9077213962312776,-2.6971102610638757,-3.254503002511352,-2.647896278282463,-3.78539035449478,-2.823461052613538,-2.8421531856256905,-2.3371765377636646,-3.725543438485528,-3.20398721237445,-3.055482277959765,-3.2365307601069215,-2.8949823704538478,-2.7211354406508654,-2.929944533015988,-2.6780060797538336,-4.518992489747039,-3.533586569707901,
Main-63,-2.865309154887688,-4.661923002580541,-3.279284952663761,-3.0686738174963586,-3.626066558943835,-3.019459834714946,-4.156953910927263,-3.195024609046021,-3.2137167420581734,-2.708740094196148,-4.09710699491801,-3.575550768806933,-1.070527622313993,-3.6080943165394044,-3.266545926886331,-3.0926989970833487,-3.301508089448471,-3.0495696361863165,-4.8905560461795226,-3.9051501261403843,
Insertion-64,-2.4937455984552046,-4.290359446148058,-2.9077213962312776,-2.6971102610638757,-3.254503002511352,-2.647896278282463,-3.78539035449478,-2.823461052613538,-2.8421531856256905,-2.3371765377636646,-3.725543438485528,-3.20398721237445,-3.055482277959765,-3.2365307601069215,-2.8949823704538478,-2.7211354406508654,-2.929944533015988,-2.6780060797538336,-4.518992489747039,-3.533586569707901,
Main-64,-2.865309154887688,-4.661923002580541,-1.0555527992076625,-3.0686738174963586,-3.626066558943835,-3.019459834714946,-4.156953910927263,-3.195024609046021,-3.2137167420581734,-2.708740094196148,-4.09710699491801,-3.575550768806933,-3.427045834392248,-3.6080943165394044,-3.266545926886331,-3.0926989970833487,-3.301508089448471,-3.0495696361863165,-4.8905560461795226,-3.9051501261403843,
Insertion-65,-2.4937455984552046,-4.290359446148058,-2.9077213962312776,-2.6971102610638757,-3.254503002511352,-2.647896278282463,-3.78539035449478,-2.823461052613538,-2.8421531856256905,-2.3371765377636646,-3.725543438485528,-3.20398721237445,-3.055482277959765,-3.2365307601069215,-2.8949823704538478,-2.7211354406508654,-2.929944533015988,-2.6780060797538336,-4.518992489747039,-3.533586569707901,
Main-65,-2.865309154887688,-4.661923002580541,-3.279284952663761,-3.0686738174963586,-3.626066558943835,-3.019459834714946,-4.156953910927263,-3.195024609046021,-3.2137167420581734,-2.708740094196148,-4.09710699491801,-3.575550768806933,-1.1765365521746851,-3.6080943165394044,-3.266545926886331,-3.0926989970833487,-2.6407138733402915,-3.0495696361863165,-4.8905560461795226,-3.9051501261403843,
Insertion-66,-2.4937455984552046,-4.290359446148058,-2.9077213962312776,-2.6971102610638757,-3.254503002511352,-2.647896278282463,-3.78539035449478,-2.823461052613538,-2.8421531856256905,-2.3371765377636646,-3.725543438485528,-3.20398721237445,-3.055482277959765,-3.2365307601069215,-2.8949823704538478,-2.7211354406508654,-2.929944533015988,-2.6780060797538336,-4.518992489747039,-3.533586569707901,
Main-66,-2.865309154887688,-4.661923002580541,-3.279284952663761,-3.0686738174963586,-3.626066558943835,-3.019459834714946,-4.156953910927263,-3.195024609046021,-3.2137167420581734,-0.9756015619206524,-4.09710699491801,-3.575550768806933,-3.427045834392248,-3.6080943165394044,-3.266545926886331,-3.0926989970833487,-3.301508089448471,-3.0495696361863165,-4.8905560461795226,-3.9051501261403843,
Insertion-67,-2.4937455984552046,-4.290359446148058,-2.9077213962312776,-2.6971102610638757,-3.254503002511352,-2.647896278282463,-3.78539035449478,-2.823461052613538,-2.8421531856256905,-2.3371765377636646,-3.725543438485528,-3.20398721237445,-3.055482277959765,-3.2365307601069215,-2.8949823704538478,-2.7211354406508654,-2.929944533015988,-2.6780060797538336,-4.518992489747039,-3.533586569707901,
Main-67,-2.865309154887688,-4.661923002580541,-3.279284952663761,-1.0305025656626912,-3.626066558943835,-3.019459834714946,-4.156953910927263,-3.195024609046021,-3.2137167420581734,-2.708740094196148,-4.09710699491801,-3.575550768806933,-3.427045834392248,-3.6080943165394044,-3.266545926886331,-3.0926989970833487,-3.301508089448471,-3.0495696361863165,-4.8905560461795226,-3.9051501261403843,
Insertion-68,-2.4937455984552046,-4.290359446148058,-2.9077213962312776,-2.6971102610638757,-3.254503002511352,-2.647896278282463,-3.78539035449478,-2.823461052613538,-2.8421531856256905,-2.3371765377636646,-3.725543438485528,-3.20398721237445,-3.055482277959765,-3.2365307601069215,-2.8949823704538478,-2.7211354406508654,-2.929944533015988,-2.6780060797538336,-4.518992489747039,-3.533586569707901,
Main-68,-2.865309154887688,-4.661923002580541,-3.279284952663761,-3.0686738174963586,-3.626066558943835,-3.019459834714946,-4.156953910927263,-3.195024609046021,-3.2137167420581734,-2.708740094196148,-4.09710699491801,-3.575550768806933,-1.070527622313993,-3.6080943165394044,-3.266545926886331,-3.0926989970833487,-3.301508089448471,-3.0495696361863165,-4.8905560461795226,-3.9051501261403843,
Insertion-69,-2.4937455984552046,-4.290359446148058,-2.9077213962312776,-2.6971102610638757,-3.254503002511352,-2.647896278282463,-3.78539035449478,-2.823461052613538,-2.8421531856256905,-2.3371765377636646,-3.725543438485528,-3.20398721237445,-3.055482277959765,-3.2365307601069215,-2.8949823704538478,-2.7211354406508654,-2.929944533015988,-2.6780060797538336,-4.518992489747039,-3.533586569707901,
Main-69,-2.865309154887688,-4.661923002580541,-3.279284952663761,-3.0686738174963586,-3.626066558943835,-3.019459834714946,-2.9929774508751463,-3.195024609046021,-1.9403394871476938,-2.708740094196148,-4.09710699491801,-3.575550768806933,-3.427045834392248,-3.6080943165394044,-2.2339601052599787,-3.0926989970833487,-1.9641443518001607,-3.0495696361863165,-4.8905560461795226,-3.9051501261403843,
Insertion-70,-2.4937455984552046,-4.290359446148058,-2.9077213962312776,-2.6971102610638757,-3.254503002511352,-2.647896278282463,-3.78539035449478,-2.823461052613538,-2.8421531856256905,-2.3371765377636646,-3.725543438485528,-3.20398721237445,-3.055482277959765,-3.2365307601069215,-2.8949823704538478,-2.7211354406508654,-2.929944533015988,-2.6780060797538336,-4.518992489747039,-3.533586569707901,
Main-70,-2.865309154887688,-4.661923002580541,-3.279284952663761,-3.0686738174963586,-3.626066558943835,-3.019459834714946,-4.156953910927263,-3.195024609046021,-3.2137167420581734,-2.708740094196148,-4.09710699491801,-3.575550768806933,-3.427045834392248,-3.6080943165394044,-1.0541665231167572,-3.0926989970833487,-3.301508089448471,-3.0495696361863165,-4.8905560461795226,-3.9051501261403843,
Insertion-71,-2.4937455984552046,-4.290359446148058,-2.9077213962312776,-2.6971102610638757,-3.254503002511352,-2.647896278282463,-3.78539035449478,-2.823461052613538,-2.8421531856256905,-2.3371765377636646,-3.725543438485528,-3.20398721237445,-3.055482277959765,-3.2365307601069215,-2.8949823704538478,-2.7211354406508654,-2.929944533015988,-2.6780060797538336,-4.518992489747039,-3.533586569707901,
Main-71,-2.865309154887688,-4.661923002580541,-3.279284952663761,-1.0305025656626912,-3.626066558943835,-3.019459834714946,-4.156953910927263,-3.195024609046021,-3.2137167420581734,-2.708740094196148,-4.09710699491801,-3.575550768806933,-3.427045834392248,-3.6080943165394044,-3.266545926886331,-3.0926989970833487,-3.301508089448471,-3.0495696361863165,-4.8905560461795226,-3.9051501261403843,
Insertion-72,-2.4937455984552046,-4.290359446148058,-2.9077213962312776,-2.6971102610638757,-3.254503002511352,-2.647896278282463,-3.78539035449478,-2.823461052613538,-2.8421531856256905,-2.3371765377636646,-3.725543438485528,-3.20398721237445,-3.055482277959765,-3.2365307601069215,-2.8949823704538478,-2.7211354406508654,-2.929944533015988,-2.6780060797538336,-4.518992489747039,-3.533586569707901,
Main-72,-2.865309154887688,-4.661923002580541,-3.279284952663761,-3.0686738174963586,-3.626066558943835,-3.019459834714946,-4.156953910927263,-3.195024609046021,-3.2137167420581734,-2.291611045962069,-4.09710699491801,-3.575550768806933,-3.427045834392248,-2.34268895462886,-3.266545926886331,-3.0926989970833487,-3.301508089448471,-1.3693355301745211,-4.8905560461795226,-3.9051501261403843,
Insertion-73,-2.4937455984552046,-4.290359446148058,-2.9077213962312776,-2.6971102610638757,-3.254503002511352,-2.647896278282463,-3.78539035449478,-2.823461052613538,-2.8421531856256905,-2.3371765377636646,-3.725543438485528,-3.20398721237445,-3.055482277959765,-3.2365307601069215,-2.8949823704538478,-2.7211354406508654,-2.929944533015988,-2.6780060797538336,-4.518992489747039,-3.533586569707901,
Main-73,-2.865309154887688,-1.140081044017205,-3.279284952663761,-3.0686738174963586,-3.626066558943835,-3.019459834714946,-4.156953910927263,-3.195024609046021,-3.2137167420581734,-2.708740094196148,-4.09710699491801,-3.575550768806933,-3.427045834392248,-3.6080943165394044,-3.266545926886331,-3.0926989970833487,-3.301508089448471,-3.0495696361863165,-4.8905560461795226,-3.9051501261403843,
Insertion-74,-2.4937455984552046,-4.290359446148058,-2.9077213962312776,-2.6971102610638757,-3.254503002511352,-2.647896278282463,-3.78539035449478,-2.823461052613538,-2.8421531856256905,-2.3371765377636646,-3.725543438485528,-3.20398721237445,-3.055482277959765,-3.2365307601069215,-2.8949823704538478,-2.7211354406508654,-2.929944533015988,-2.6780060797538336,-4.518992489747039,-3.533586569707901,
Main-74,-2.865309154887688,-4.661923002580541,-3.279284952663761,-1.0305025656626912,-3.626066558943835,-3.019459834714946,-4.156953910927263,-3.195024609046021,-3.2137167420581734,-2.708740094196148,-4.09710699491801,-3.575550768806933,-3.427045834392248,-3.6080943165394044,-3.266545926886331,-3.0926989970833487,-3.301508089448471,-3.0495696361863165,-4.8905560461795226,-3.9051501261403843,
Insertion-75,-2.4937455984552046,-4.290359446148058,-2.9077213962312776,-2.6971102610638757,-3.254503002511352,-2.647896278282463,-3.78539035449478,-2.823461052613538,-2.8421531856256905,-2.3371765377636646,-3.725543438485528,-3.20398721237445,-3.055482277959765,-3.2365307601069215,-2.8949823704538478,-2.7211354406508654,-2.929944533015988,-2.6780060797538336,-4.518992489747039,-3.533586569707901,
Main-75,-2.865309154887688,-4.661923002580541,-3.279284952663761,-3.0686738174963586,-3.626066558943835,-3.019459834714946,-4.156953910927263,-3.195024609046021,-3.2137167420581734,-0.9756015619206524,-4.09710699491801,-3.575550768806933,-3.427045834392248,-3.6080943165394044,-3.266545926886331,-3.0926989970833487,-3.301508089448471,-3.0495696361863165,-4.8905560461795226,-3.9051501261403843,
Insertion-76,-2.4937455984552046,-4.290359446148058,-2.9077213962312776,-2.6971102610638757,-3.254503002511352,-2.647896278282463,-3.78539035449478,-2.823461052613538,-2.8421531856256905,-2.3371765377636646,-3.725543438485528,-3.20398721237445,-3.055482277959765,-3.2365307601069215,-2.8949823704538478,-2.7211354406508654,-2.929944533015988,-2.6780060797538336,-4.518992489747039,-3.533586569707901,
Main-76,-2.865309154887688,-4.661923002580541,-2.6291752837837974,-3.0686738174963586,-3.626066558943835,-3.019459834714946,-4.156953910927263,-3.195024609046021,-3.2137167420581734,-2.708740094196148,-4.09710699491801,-1.1911814010463775,-3.427045834392248,-3.6080943165394044,-3.266545926886331,-3.0926989970833487,-3.301508089448471,-3.0495696361863165,-4.8905560461795226,-3.9051501261403843,
Insertion-77,-2.4937455984552046,-4.290359446148058,-2.9077213962312776,-2.6971102610638757,-3.254503002511352,-2.647896278282463,-3.78539035449478,-2.823461052613538,-2.8421531856256905,-2.3371765377636646,-3.725543438485528,-3.20398721237445,-3.055482277959765,-3.2365307601069215,-2.8949823704538478,-2.7211354406508654,-2.929944533015988,-2.6780060797538336,-4.518992489747039,-3.533586569707901,
Main-77,-2.865309154887688,-4.661923002580541,-3.279284952663761,-3.0686738174963586,-3.626066558943835,-3.019459834714946,-4.156953910927263,-3.195024609046021,-3.2137167420581734,-2.708740094196148,-4.09710699491801,-3.575550768806933,-1.070527622313993,-3.6080943165394044,-3.266545926886331,-3.0926989970833487,-3.301508089448471,-3.0495696361863165,-4.8905560461795226,-3.9051501261403843,
Insertion-78,-2.4937455984552046,-4.290359446148058,-2.9077213962312776,-2.6971102610638757,-3.254503002511352,-2.647896278282463,-3.78539035449478,-2.823461052613538,-2.8421531856256905,-2.3371765377636646,-3.725543438485528,-3.20398721237445,-3.055482277959765,-3.2365307601069215,-2.8949823704538478,-2.7211354406508654,-2.929944533015988,-2.6780060797538336,-4.518992489747039,-3.533586569707901,
Main-78,-1.829998595330056,-4.661923002580541,-1.7396251492913137,-3.0686738174963586,-3.626066558943835,-3.019459834714946,-4.156953910927263,-3.195024609046021,-3.2137167420581734,-2.708740094196148,-4.09710699491801,-2.3333998560380556,-3.427045834392248,-3.6080943165394044,-3.266545926886331,-3.0926989970833487,-3.301508089448471,-3.0495696361863165,-4.8905560461795226,-3.9051501261403843,
Insertion-79,-2.4937455984552046,-4.290359446148058,-2.9077213962312776,-2.6971102610638757,-3.254503002511352,-2.647896278282463,-3.78539035449478,-2.823461052613538,-2.8421531856256905,-2.3371765377636646,-3.725543438485528,-3.20398721237445,-3.055482277959765,-3.2365307601069215,-2.8949823704538478,-2.7211354406508654,-2.929944533015988,-2.6780060797538336,-4.518992489747039,-3.533586569707901,
Main-79,-2.865309154887688,-1.140081044017205,-3.279284952663761,-3.0686738174963586,-3.626066558943835,-3.019459834714946,-4.156953910927263,-3.195024609046021,-3.2137167420581734,-2.708740094196148,-4.09710699491801,-3.575550768806933,-3.427045834392248,-3.6080943165394044,-3.266545926886331,-3.0926989970833487,-3.301508089448471,-3.0495696361863165,-4.8905560461795226,-3.9051501261403843,
Insertion-80,-2.4937455984552046,-4.290359446148058,-2.9077213962312776,-2.6971102610638757,-3.254503002511352,-2.647896278282463,-3.78539035449478,-2.823461052613538,-2.8421531856256905,-2.3371765377636646,-3.725543438485528,-3.20398721237445,-3.055482277959765,-3.2365307601069215,-2.8949823704538478,-2.7211354406508654,-2.929944533015988,-2.6780060797538336,-4.518992489747039,-3.533586569707901,
Main-80,-2.865309154887688,-4.661923002580541,-1.0555527992076625,-3.0686738174963586,-3.626066558943835,-3.019459834714946,-4.156953910927263,-3.195024609046021,-3.2137167420581734,-2.708740094196148,-4.09710699491801,-3.575550768806933,-3.427045834392248,-3.6080943165394044,-3.266545926886331,-3.0926989970833487,-3.301508089448471,-3.0495696361863165,-4.8905560461795226,-3.9051501261403843,
Insertion-81,-2.4937455984552046,-4.290359446148058,-2.9077213962312776,-2.6971102610638757,-3.254503002511352,-2.647896278282463,-3.78539035449478,-2.823461052613538,-2.8421531856256905,-2.3371765377636646,-3.725543438485528,-3.20398721237445,-3.055482277959765,-3.2365307601069215,-2.8949823704538478,-2.7211354406508654,-2.929944533015988,-2.6780060797538336,-4.518992489747039,-3.533586569707901,
Main-81,-2.865309154887688,-4.661923002580541,-3.279284952663761,-1.0305025656626912,-3.626066558943835,-3.019459834714946,-4.156953910927263,-3.195024609046021,-3.2137167420581734,-2.708740094196148,-4.09710699491801,-3.575550768806933,-3.427045834392248,-3.6080943165394044,-3.266545926886331,-3.0926989970833487,-3.301508089448471,-3.0495696361863165,-4.8905560461795226,-3.9051501261403843,
Insertion-82,-2.4937455984552046,-4.290359446148058,-2.9077213962312776,-2.6971102610638757,-3.254503002511352,-2.647896278282463,-3.78539035449478,-2.823461052613538,-2.8421531856256905,-2.3371765377636646,-3.725543438485528,-3.20398721237445,-3.055482277959765,-3.2365307601069215,-2.8949823704538478,-2.7211354406508654,-2.929944533015988,-2.6780060797538336,-4.518992489747039,-3.533586569707901,
Main-82,-2.865309154887688,-4.661923002580541,-3.279284952663761,-3.0686738174963586,-3.626066558943835,-3.019459834714946,-4.156953910927263,-3.195024609046021,-3.2137167420581734,-0.9756015619206524,-4.09710699491801,-3.575550768806933,-3.427045834392248,-3.6080943165394044,-3.266545926886331,-3.0926989970833487,-3.301508089448471,-3.0495696361863165,-4.8905560461795226,-3.9051501261403843,
Insertion-83,-2.4937455984552046,-4.290359446148058,-2.9077213962312776,-2.6971102610638757,-3.254503002511352,-2.647896278282463,-3.78539035449478,-2.823461052613538,-2.8421531856256905,-2.3371765377636646,-3.725543438485528,-3.20398721237445,-3.055482277959765,-3.2365307601069215,-2.8949823704538478,-2.7211354406508654,-2.929944533015988,-2.6780060797538336,-4.518992489747039,-3.533586569707901,
Main-83,-1.3323287784084676,-4.661923002580541,-3.279284952663761,-3.0686738174963586,-3.626066558943835,-3.019459834714946,-4.156953910927263,-3.195024609046021,-3.2137167420581734,-2.708740094196148,-4.09710699491801,-3.575550768806933,-3.427045834392248,-3.6080943165394044,-3.266545926886331,-1.9049667825905858,-3.301508089448471,-3.0495696361863165,-4.8905560461795226,-3.9051501261403843,
Insertion-84,-2.4937455984552046,-4.290359446148058,-2.9077213962312776,-2.6971102610638757,-3.254503002511352,-2.647896278282463,-3.78539035449478,-2.823461052613538,-2.8421531856256905,-2.3371765377636646,-3.725543438485528,-3.20398721237445,-3.055482277959765,-3.2365307601069215,-2.8949823704538478,-2.7211354406508654,-2.929944533015988,-2.6780060797538336,-4.518992489747039,-3.533586569707901,
Main-84,-2.865309154887688,-4.661923002580541,-1.1599009239961773,-3.0686738174963586,-3.626066558943835,-3.019459834714946,-4.156953910927263,-3.195024609046021,-3.2137167420581734,-2.708740094196148,-4.09710699491801,-2.7728646223656863,-3.427045834392248,-3.6080943165394044,-3.266545926886331,-3.0926989970833487,-3.301508089448471,-3.0495696361863165,-4.8905560461795226,-3.9051501261403843,
Insertion-85,-2.4937455984552046,-4.290359446148058,-2.9077213962312776,-2.6971102610638757,-3.254503002511352,-2.647896278282463,-3.78539035449478,-2.823461052613538,-2.8421531856256905,-2.3371765377636646,-3.725543438485528,-3.20398721237445,-3.055482277959765,-3.2365307601069215,-2.8949823704538478,-2.7211354406508654,-2.929944533015988,-2.6780060797538336,-4.518992489747039,-3.533586569707901,
Main-85,-2.865309154887688,-4.661923002580541,-3.279284952663761,-3.0686738174963586,-3.626066558943835,-3.019459834714946,-1.502595736356704,-3.195024609046021,-3.2137167420581734,-2.708740094196148,-4.09710699491801,-3.575550768806933,-3.427045834392248,-2.035985777199343,-3.266545926886331,-3.0926989970833487,-3.301508089448471,-3.0495696361863165,-4.8905560461795226,-3.9051501261403843,
Insertion-86,-2.4937455984552046,-4.290359446148058,-2.9077213962312776,-2.6971102610638757,-3.254503002511352,-2.647896278282463,-3.78539035449478,-2.823461052613538,-2.8421531856256905,-2.3371765377636646,-3.725543438485528,-3.20398721237445,-3.055482277959765,-3.2365307601069215,-2.8949823704538478,-2.7211354406508654,-2.929944533015988,-2.6780060797538336,-4.518992489747039,-3.533586569707901,
Main-86,-2.865309154887688,-4.661923002580541,-3.279284952663761,-3.0686738174963586,-3.626066558943835,-3.019459834714946,-4.156953910927263,-1.3948828610651614,-3.2137167420581734,-2.708740094196148,-4.09710699491801,-3.575550768806933,-3.427045834392248,-3.6080943165394044,-3.266545926886331,-3.0926989970833487,-3.301508089448471,-3.0495696361863165,-4.8905560461795226,-2.09081633487379,
Insertion-87,-2.4937455984552046,-4.290359446148058,-2.9077213962312776,-2.6971102610638757,-3.254503002511352,-2.647896278282463,-3.78539035449478,-2.823461052613538,-2.8421531856256905,-2.3371765377636646,-3.725543438485528,-3.20398721237445,-3.055482277959765,-3.2365307601069215,-2.8949823704538478,-2.7211354406508654,-2.929944533015988,-2.6780060797538336,-4.518992489747039,-3.533586569707901,
Main-87,-2.865309154887688,-4.661923002580541,-3.279284952663761,-3.0686738174963586,-3.626066558943835,-1.0239527445202605,-4.156953910927263,-3.195024609046021,-3.2137167420581734,-2.708740094196148,-4.09710699491801,-3.575550768806933,-3.427045834392248,-3.6080943165394044,-3.266545926886331,-3.0926989970833487,-3.301508089448471,-3.0495696361863165,-4.8905560461795226,-3.9051501261403843,
Insertion-88,-2.4937455984552046,-4.290359446148058,-2.9077213962312776,-2.6971102610638757,-3.254503002511352,-2.647896278282463,-3.78539035449478,-2.823461052613538,-2.8421531856256905,-2.3371765377636646,-3.725543438485528,-3.20398721237445,-3.055482277959765,-3.2365307601069215,-2.8949823704538478,-2.7211354406508654,-2.929944533015988,-2.6780060797538336,-4.518992489747039,-3.533586569707901,
Main-88,-2.865309154887688,-4.661923002580541,-3.279284952663761,-3.0686738174963586,-1.4544993657155851,-3.019459834714946,-4.156953910927263,-3.195024609046021,-3.2137167420581734,-1.771551244684376,-4.09710699491801,-3.575550768806933,-3.427045834392248,-3.6080943165394044,-3.266545926886331,-3.0926989970833487,-3.301508089448471,-3.0495696361863165,-4.8905560461795226,-3.9051501261403843,
Insertion-89,-2.4937455984552046,-4.290359446148058,-2.9077213962312776,-2.6971102610638757,-3.254503002511352,-2.647896278282463,-3.78539035449478,-2.823461052613538,-2.8421531856256905,-2.3371765377636646,-3.725543438485528,-3.20398721237445,-3.055482277959765,-3.2365307601069215,-2.8949823704538478,-2.7211354406508654,-2.929944533015988,-2.6780060797538336,-4.518992489747039,-3.533586569707901,
Main-89,-2.865309154887688,-4.661923002580541,-3.279284952663761,-3.0686738174963586,-3.626066558943835,-3.019459834714946,-4.156953910927263,-3.195024609046021,-1.9403394871476938,-2.708740094196148,-4.09710699491801,-3.575550768806933,-3.427045834392248,-1.4524341636244358,-3.266545926886331,-3.0926989970833487,-3.301508089448471,-3.0495696361863165,-4.8905560461795226,-3.9051501261403843,
Insertion-90,-2.4937455984552046,-4.290359446148058,-2.9077213962312776,-2.6971102610638757,-3.254503002511352,-2.647896278282463,-3.78539035449478,-2.823461052613538,-2.8421531856256905,-2.3371765377636646,-3.725543438485528,-3.20398721237445,-3.055482277959765,-3.2365307601069215,-2.8949823704538478,-2.7211354406508654,-2.929944533015988,-2.6780060797538336,-4.518992489747039,-3.533586569707901,
Main-90,-2.865309154887688,-4.661923002580541,-2.6291752837837974,-1.5191560273223113,-3.626066558943835,-3.019459834714946,-4.156953910927263,-3.195024609046021,-3.2137167420581734,-2.708740094196148,-4.09710699491801,-3.575550768806933,-3.427045834392248,-3.6080943165394044,-3.266545926886331,-3.0926989970833487,-1.9641443518001607,-3.0495696361863165,-4.8905560461795226,-3.9051501261403843,
Insertion-91,-2.4937455984552046,-4.290359446148058,-2.9077213962312776,-2.6971102610638757,-3.254503002511352,-2.647896278282463,-3.78539035449478,-2.823461052613538,-2.8421531856256905,-2.3371765377636646,-3.725543438485528,-3.20398721237445,-3.055482277959765,-3.2365307601069215,-2.8949823704538478,-2.7211354406508654,-2.929944533015988,-2.6780060797538336,-4.518992489747039,-3.533586569707901,
Main-91,-1.0015481620347884,-4.661923002580541,-3.279284952663761,-3.0686738174963586,-3.626066558943835,-3.019459834714946,-4.156953910927263,-3.195024609046021,-3.2137167420581734,-2.708740094196148,-4.09710699491801,-3.575550768806933,-3.427045834392248,-3.6080943165394044,-3.266545926886331,-3.0926989970833487,-3.301508089448471,-3.0495696361863165,-4.8905560461795226,-3.9051501261403843,
Insertion-92,-2.4937455984552046,-4.290359446148058,-2.9077213962312776,-2.6971102610638757,-3.254503002511352,-2.647896278282463,-3.78539035449478,-2.823461052613538,-2.8421531856256905,-2.3371765377636646,-3.725543438485528,-3.20398721237445,-3.055482277959765,-3.2365307601069215,-2.8949823704538478,-2.7211354406508654,-2.929944533015988,-2.6780060797538336,-4.518992489747039,-3.533586569707901,
Main-92,-2.865309154887688,-4.661923002580541,-3.279284952663761,-3.0686738174963586,-3.626066558943835,-3.019459834714946,-4.156953910927263,-3.195024609046021,-3.2137167420581734,-2.708740094196148,-4.09710699491801,-3.575550768806933,-3.427045834392248,-3.6080943165394044,-3.266545926886331,-3.0926989970833487,-3.301508089448471,-3.0495696361863165,-4.8905560461795226,-1.1072007886133806,
Insertion-93,-2.4937455984552046,-4.290359446148058,-2.9077213962312776,-2.6971102610638757,-3.254503002511352,-2.647896278282463,-3.78539035449478,-2.823461052613538,-2.8421531856256905,-2.3371765377636646,-3.725543438485528,-3.20398721237445,-3.055482277959765,-3.2365307601069215,-2.8949823704538478,-2.7211354406508654,-2.929944533015988,-2.6780060797538336,-4.518992489747039,-3.533586569707901,
Main-93,-2.865309154887688,-4.661923002580541,-3.279284952663761,-3.0686738174963586,-3.626066558943835,-3.019459834714946,-4.156953910927263,-3.195024609046021,-1.9403394871476938,-2.708740094196148,-4.09710699491801,-3.575550768806933,-3.427045834392248,-2.787317347532167,-1.558023935673788,-3.0926989970833487,-3.301508089448471,-3.0495696361863165,-4.8905560461795226,-3.9051501261403843,
Insertion-94,-2.4937455984552046,-4.290359446148058,-2.9077213962312776,-2.6971102610638757,-3.254503002511352,-2.647896278282463,-3.78539035449478,-2.823461052613538,-2.8421531856256905,-2.3371765377636646,-3.725543438485528,-3.20398721237445,-3.055482277959765,-3.2365307601069215,-2.8949823704538478,-2.7211354406508654,-2.929944533015988,-2.6780060797538336,-4.518992489747039,-3.533586569707901,
Main-94,-2.865309154887688,-4.661923002580541,-3.279284952663761,-3.0686738174963586,-3.626066558943835,-3.019459834714946,-4.156953910927263,-3.195024609046021,-3.2137167420581734,-2.708740094196148,-4.09710699491801,-3.575550768806933,-3.427045834392248,-3.6080943165394044,-1.0541665231167572,-3.0926989970833487,-3.301508089448471,-3.0495696361863165,-4.8905560461795226,-3.9051501261403843,
Insertion-95,-2.4937455984552046,-4.290359446148058,-2.9077213962312776,-2.6971102610638757,-3.254503002511352,-2.647896278282463,-3.78539035449478,-2.823461052613538,-2.8421531856256905,-2.3371765377636646,-3.725543438485528,-3.20398721237445,-3.055482277959765,-3.2365307601069215,-2.8949823704538478,-2.7211354406508654,-2.929944533015988,-2.6780060797538336,-4.518992489747039,-3.533586569707901,
Main-95,-2.865309154887688,-4.661923002580541,-3.279284952663761,-3.0686738174963586,-1.6142771890748495,-3.019459834714946,-4.156953910927263,-1.7209475635322766,-3.2137167420581734,-2.708740094196148,-4.09710699491801,-3.575550768806933,-3.427045834392248,-3.6080943165394044,-3.266545926886331,-3.0926989970833487,-3.301508089448471,-3.0495696361863165,-4.8905560461795226,-3.9051501261403843,
Insertion-96,-2.4937455984552046,-4.290359446148058,-2.9077213962312776,-2.6971102610638757,-3.254503002511352,-2.647896278282463,-3.78539035449478,-2.823461052613538,-2.8421531856256905,-2.3371765377636646,-3.725543438485528,-3.20398721237445,-3.055482277959765,-3.2365307601069215,-2.8949823704538478,-2.7211354406508654,-2.929944533015988,-2.6780060797538336,-4.518992489747039,-3.533586569707901,
Main-96,-2.865309154887688,-4.661923002580541,-3.279284952663761,-3.0686738174963586,-3.626066558943835,-3.019459834714946,-4.156953910927263,-3.195024609046021,-3.2137167420581734,-2.708740094196148,-4.09710699491801,-3.575550768806933,-3.427045834392248,-3.6080943165394044,-3.266545926886331,-3.0926989970833487,-3.301508089448471,-3.0495696361863165,-4.8905560461795226,-1.1072007886133806,
Insertion-97,-2.4937455984552046,-4.290359446148058,-2.9077213962312776,-2.6971102610638757,-3.254503002511352,-2.647896278282463,-3.78539035449478,-2.823461052613538,-2.8421531856256905,-2.3371765377636646,-3.725543438485528,-3.20398721237445,-3.055482277959765,-3.2365307601069215,-2.8949823704538478,-2.7211354406508654,-2.929944533015988,-2.6780060797538336,-4.518992489747039,-3.533586569707901,
Main-97,-2.865309154887688,-4.661923002580541,-3.279284952663761,-3.0686738174963586,-3.626066558943835,-1.0239527445202605,-4.156953910927263,-3.195024609046021,-3.2137167420581734,-2.708740094196148,-4.09710699491801,-3.575550768806933,-3.427045834392248,-3.6080943165394044,-3.266545926886331,-3.0926989970833487,-3.301508089448471,-3.0495696361863165,-4.8905560461795226,-3.9051501261403843,
Insertion-98,-2.4937455984552046,-4.290359446148058,-2.9077213962312776,-2.6971102610638757,-3.254503002511352,-2.647896278282463,-3.78539035449478,-2.823461052613538,-2.8421531856256905,-2.3371765377636646,-3.725543438485528,-3.20398721237445,-3.055482277959765,-3.2365307601069215,-2.8949823704538478,-2.7211354406508654,-2.929944533015988,-2.6780060797538336,-4.518992489747039,-3.533586569707901,
Main-98,-2.865309154887688,-4.661923002580541,-3.279284952663761,-3.0686738174963586,-3.626066558943835,-3.019459834714946,-4.156953910927263,-1.9350725369781836,-3.2137167420581734,-2.708740094196148,-4.09710699491801,-3.575550768806933,-1.5852500529460583,-3.6080943165394044,-3.266545926886331,-3.0926989970833487,-2.6407138733402915,-3.0495696361863165,-4.8905560461795226,-3.9051501261403843,
Insertion-99,-2.4937455984552046,-4.290359446148058,-2.9077213962312776,-2.6971102610638757,-3.254503002511352,-2.647896278282463,-3.78539035449478,-2.823461052613538,-2.8421531856256905,-2.3371765377636646,-3.725543438485528,-3.20398721237445,-3.055482277959765,-3.2365307601069215,-2.8949823704538478,-2.7211354406508654,-2.929944533015988,-2.6780060797538336,-4.518992489747039,-3.533586569707901,
Main-99,-2.865309154887688,-4.661923002580541,-3.279284952663761,-3.0686738174963586,-3.626066558943835,-3.019459834714946,-4.156953910927263,-3.195024609046021,-3.2137167420581734,-2.708740094196148,-4.09710699491801,-3.575550768806933,-3.427045834392248,-3.6080943165394044,-3.266545926886331,-3.0926989970833487,-1.7443495675275815,-1.5150686139913294,-4.8905560461795226,-3.9051501261403843,
Insertion-100,-2.4937455984552046,-4.290359446148058,-2.9077213962312776,-2.6971102610638757,-3.254503002511352,-2.647896278282463,-3.78539035449478,-2.823461052613538,-2.8421531856256905,-2.3371765377636646,-3.725543438485528,-3.20398721237445,-3.055482277959765,-3.2365307601069215,-2.8949823704538478,-2.7211354406508654,-2.929944533015988,-2.6780060797538336,-4.518992489747039,-3.533586569707901,
